{
    "train_mse": 49.127331954450966,
    "train_mae": 5.883171726562567,
    "eval_mse": 681.5350948978584,
    "eval_mae": 15.693246767257238,
    "train_r2": 0.9960344487569587,
    "eval_r2": 0.9016444984602504,
    "timestamp": "2025-03-26T22:34:31.669443"
}
